{"globalSeed":-1202455529,"worldScale":1.0,"biomeChaos":500.0,"ring1Size":150.0,"ring2Size":400.0,"ring3Size":1170.0,"ring4Size":1350.0,"ring1Chaos":100.0,"ring2Chaos":50.0,"ring3Chaos":0.0,"ring4Chaos":0.0,"dirt":{"ResourceCount":2,"resourceDistribution":{"x":0.8999999761581421,"y":0.14400602877140046,"z":0.1850595772266388,"w":0.14900000393390656},"resourceThreshold":0.41999998688697817,"riverSize":0.12800000607967378,"riverAmount":0.35600000619888308,"lakeThreshold":0.22200000286102296,"chamberThreshold":0.32899999618530276,"scatteredWallThreshold":0.1340000033378601,"ceilingHoleThreshold":0.0,"tunnelThreshold":0.13500000536441804,"tunnelAmount":0.37400001287460329,"sandThreshold":0.04100000113248825,"sandAmount":0.6100000143051148,"pitThreshold":{"x":0.0,"y":0.0},"biomeEdgePitSize":15.0,"biomeEdgePitLedgeSize":4.0,"biomeSubTileTreshold":0.3050000071525574,"explosiveWallAmount":0.27000001072883608},"clay":{"ResourceCount":4,"resourceDistribution":{"x":0.6569125056266785,"y":0.1427667737007141,"z":0.10193935036659241,"w":0.20000000298023225},"resourceThreshold":0.4399999976158142,"riverSize":0.10000000149011612,"riverAmount":0.6000000238418579,"lakeThreshold":0.20000000298023225,"chamberThreshold":0.25,"scatteredWallThreshold":0.13300000131130219,"ceilingHoleThreshold":0.20800000429153443,"tunnelThreshold":0.125,"tunnelAmount":0.5,"sandThreshold":0.029999999329447748,"sandAmount":0.75,"pitThreshold":{"x":0.0,"y":0.11999999731779099},"biomeEdgePitSize":10.0,"biomeEdgePitLedgeSize":4.0,"biomeSubTileTreshold":0.0,"explosiveWallAmount":0.25999999046325686},"stone":{"ResourceCount":4,"resourceDistribution":{"x":0.6499885320663452,"y":0.1562088429927826,"z":0.09209781885147095,"w":0.20000000298023225},"resourceThreshold":0.4399999976158142,"riverSize":0.09399999678134918,"riverAmount":0.4000000059604645,"lakeThreshold":0.20000000298023225,"chamberThreshold":0.21799999475479127,"scatteredWallThreshold":0.15600000321865083,"ceilingHoleThreshold":0.2240000069141388,"tunnelThreshold":0.10199999809265137,"tunnelAmount":0.4000000059604645,"sandThreshold":0.12200000137090683,"sandAmount":0.28200000524520876,"pitThreshold":{"x":0.0,"y":0.11999999731779099},"biomeEdgePitSize":10.0,"biomeEdgePitLedgeSize":4.0,"biomeSubTileTreshold":0.0,"explosiveWallAmount":0.25},"forest":{"ResourceCount":3,"resourceDistribution":{"x":0.7965707182884216,"y":0.10072088241577149,"z":0.20000000298023225,"w":0.20000000298023225},"resourceThreshold":0.4399999976158142,"riverSize":0.15000000596046449,"riverAmount":0.6000000238418579,"lakeThreshold":0.20000000298023225,"chamberThreshold":0.3499999940395355,"scatteredWallThreshold":0.09000000357627869,"ceilingHoleThreshold":0.41600000858306887,"tunnelThreshold":0.08699999749660492,"tunnelAmount":0.5,"sandThreshold":0.029999999329447748,"sandAmount":0.0,"pitThreshold":{"x":0.0,"y":0.11999999731779099},"biomeEdgePitSize":10.0,"biomeEdgePitLedgeSize":4.0,"biomeSubTileTreshold":0.2800000011920929,"explosiveWallAmount":0.0},"desert":{"ResourceCount":3,"resourceDistribution":{"x":0.7910231947898865,"y":0.10221506655216217,"z":0.20000000298023225,"w":0.20000000298023225},"resourceThreshold":0.5040000081062317,"riverSize":0.061000000685453418,"riverAmount":0.16599999368190766,"lakeThreshold":0.12999999523162843,"chamberThreshold":0.3199999928474426,"scatteredWallThreshold":0.0,"ceilingHoleThreshold":0.6460000276565552,"tunnelThreshold":0.32600000500679018,"tunnelAmount":0.7889999747276306,"sandThreshold":0.03999999910593033,"sandAmount":0.0,"pitThreshold":{"x":0.0,"y":0.11999999731779099},"biomeEdgePitSize":10.0,"biomeEdgePitLedgeSize":4.0,"biomeSubTileTreshold":0.0,"explosiveWallAmount":0.0},"sea":{"ResourceCount":3,"resourceDistribution":{"x":0.790434718132019,"y":0.1028033196926117,"z":0.20000000298023225,"w":0.20000000298023225},"resourceThreshold":0.5260000228881836,"riverSize":0.4000000059604645,"riverAmount":1.0,"lakeThreshold":0.4000000059604645,"chamberThreshold":0.3089999854564667,"scatteredWallThreshold":0.2630000114440918,"ceilingHoleThreshold":0.39500001072883608,"tunnelThreshold":0.10000000149011612,"tunnelAmount":0.5,"sandThreshold":0.029999999329447748,"sandAmount":0.0,"pitThreshold":{"x":0.0,"y":0.0},"biomeEdgePitSize":15.0,"biomeEdgePitLedgeSize":10.0,"biomeSubTileTreshold":0.0,"explosiveWallAmount":0.0},"crystal":{"ResourceCount":1,"resourceDistribution":{"x":0.20000000298023225,"y":0.20000000298023225,"z":0.20000000298023225,"w":0.20000000298023225},"resourceThreshold":0.4699999988079071,"riverSize":0.15000000596046449,"riverAmount":0.5,"lakeThreshold":0.20000000298023225,"chamberThreshold":0.25,"scatteredWallThreshold":0.07500000298023224,"ceilingHoleThreshold":0.0,"tunnelThreshold":0.07999999821186066,"tunnelAmount":0.5,"sandThreshold":0.5,"sandAmount":0.0,"pitThreshold":{"x":0.0,"y":0.11999999731779099},"biomeEdgePitSize":10.0,"biomeEdgePitLedgeSize":4.0,"biomeSubTileTreshold":0.0,"explosiveWallAmount":0.0},"passage":{"ResourceCount":0,"resourceDistribution":{"x":0.20000000298023225,"y":0.20000000298023225,"z":0.20000000298023225,"w":0.20000000298023225},"resourceThreshold":0.0,"riverSize":0.13600000739097596,"riverAmount":0.3199999928474426,"lakeThreshold":0.18299999833106996,"chamberThreshold":0.12700000405311585,"scatteredWallThreshold":0.029999999329447748,"ceilingHoleThreshold":0.0,"tunnelThreshold":0.2070000022649765,"tunnelAmount":0.4000000059604645,"sandThreshold":0.0,"sandAmount":0.0,"pitThreshold":{"x":0.031171197071671487,"y":0.08637495338916779},"biomeEdgePitSize":7.78000020980835,"biomeEdgePitLedgeSize":0.0,"biomeSubTileTreshold":0.0,"explosiveWallAmount":0.0}}